case_accession,case_position,occ,ctl,control_proteins,ortholog_cluster,contrast,resample_unit
A0A075TRK9,93,0.0,0.0,O95198,16520at2759,0.0,control:P60228
A0A0P0XII1,48,1.0,0.0,O94855,4062651at2759,1.0,control:Q9NS87
A0A0P0XII1,153,0.9688,0.0,Q9BVC4,4062651at2759,0.9688,control:Q9NS87
A0A1S4F0I0,225,0.0625,1.0,P13929,76388at2759,-0.9375,control:P20004
A8R7E6,52,0.9062,0.0,Q8NEB9,4062651at2759,0.9062,control:Q9NS87
A8R7E6,123,1.0,0.7188,Q0WP12,4062651at2759,0.2812,control:Q9NS87
D3ZHH1,109,0.0,0.0,P24004,283575at2759,0.0,control:Q9NS87
F1NCD6,218,0.0,0.0,Q5JS54,197206at2759,0.0,control:P47712
F1NCD6,227,0.0,0.3125,P47712,197206at2759,-0.3125,control:P47712
G0R6T8,80,0.9688,0.0,P22216,4849160at2759,0.9688,control:O14933
G0R6T8,158,1.0,0.0,Q9HB90,4849160at2759,1.0,control:O14933
G0RV93,447,0.0,0.0,Q13613,3781271at2759,0.0,control:Q13613
G2QG48,192,0.0,0.0,P38276,415825at2759,0.0,control:P56287
G2QG48,233,0.0,0.9688,O49923,415825at2759,-0.9688,control:P56287
G4NAP4,62,0.0,0.0,Q9QUN3,407298at2759,0.0,control:Q9QUN3
H9JW43,171,0.0,0.0,Q08509,504708at2759,0.0,control:Q9WV60
J9VS02,266,0.0,0.0,O74630,771136at2759,0.0,control:Q9NS87
O00584,106,0.0,0.0312,Q9UUC6,435754at2759,-0.0312,control:Q9UUC6
O14773,210,0.0,0.0,P49802,2919105at2759,0.0,control:P53218
O14773,222,0.0,0.0,P53218,2919105at2759,0.0,control:P53218
O15342,70,0.0,0.0,Q10163,1508846at2759,0.0,control:Q1K6I4
O15455,52,0.5,0.0,Q6CWD0,676979at2759,0.5,control:Q9NS87
O15455,247,1.0,0.0,P01959,676979at2759,1.0,control:Q9NS87
O35657,180,0.0,0.0,P32893,2739686at2759,0.0,control:P32893
O43173,93,0.0,0.0,Q02890,10264956at2759,0.0,control:Q04183
O43915,185,0.0,0.0,P15436,198735at2759,0.0,control:P15436
O70131,60,0.0,0.0,O95749,6114058at2759,0.0,control:O95749
O74213,258,0.9688,0.0,Q6IMN6,1546079at2759,0.9688,control:Q9ESJ0
O88998,307,0.0,0.0,P42230,8626508at2759,0.0,control:O75140
O89017,169,0.0,0.8438,P53779,192611at2759,-0.8438,control:O15131
O95069,110,0.0,0.0,Q96PY6,297496at2759,0.0,control:Q8WVM7
O95479,157,0.0,0.0,P46944,60984at2759,0.0,control:P0DMV8
O95479,282,0.0,0.2812,P0DMV8,60984at2759,-0.2812,control:P0DMV8
O95497,130,0.0,0.0,O95544,10250282at2759,0.0,control:O14011
O95497,283,0.0,0.0,Q13042,10250282at2759,0.0,control:O14011
O95497,315,0.1562,0.0,O14011,10250282at2759,0.1562,control:O14011
P00639,40,0.0312,1.0,Q8VIK1,10061407at2759,-0.9688,control:Q8VIK1
P00709,64,0.0,0.0,Q13114,17373at2759,0.0,control:Q13114
P00756,102,0.4062,0.0,P02117,10061449at2759,0.4062,control:Q9NS87
P00759,189,0.0,0.8438,P22137,10061449at2759,-0.8438,control:Q9NS87
P00797,141,0.0,1.0,P32377,771136at2759,-1.0,control:Q9NS87
P01009,70,0.0,0.0,P12868,671595at2759,0.0,control:Q9NS87
P01011,186,0.0,0.0,Q92900,671595at2759,0.0,control:Q9NS87
P01012,293,0.0,0.0,P62193,671595at2759,0.0,control:Q9NS87
P01031,741,0.0,0.9688,P51668,6359008at2759,-0.9688,control:P41250
P01033,53,0.0,0.0,P12868,6041373at2759,0.0,control:Q9NS87
P01033,101,0.0,0.0938,Q9UDY2,6041373at2759,-0.0938,control:Q9NS87
P01374,96,0.1875,0.0,Q9VDE8,9940698at2759,0.1875,control:Q9VDE8
P01574,101,0.0,0.0,P19784,8922121at2759,0.0,control:P19784
P01731,69,0.0,0.0,P21670,1740265at2759,0.0,control:P47061
P02743,51,0.0,0.0,Q03308,547680at2759,0.0,control:Q9NS87
P02745,146,0.0,0.0,Q9GZQ8,6343173at2759,0.0,control:Q9GZQ8
P02766,118,0.0312,0.0,P41541,10265230at2759,0.0312,control:Q09725
P02771,251,0.0,0.0,P33110,9875082at2759,0.0,control:Q9NS87
P02789,492,0.0,0.0,P53620,9981115at2759,0.0,control:Q9NS87
P03956,120,0.6875,0.0,O00232,406838at2759,0.6875,control:Q9NS87
P03956,143,0.0312,0.0,P34731,406838at2759,0.0312,control:Q9NS87
P04746,476,0.0,0.0,P50524,1740265at2759,0.0,control:P47061
P05090,98,0.0,0.0,Q62048,565904at2759,0.0,control:Q62048
P05154,338,0.0,0.0,P31408,671595at2759,0.0,control:Q9NS87
P05186,140,0.0,0.25,P35235,5818554at2759,-0.25,control:P35235
P05231,73,0.0,0.0,P61077,8943569at2759,0.0,control:P60228
P05543,165,0.0,0.0,Q8N335,671595at2759,0.0,control:Q9NS87
P05543,253,0.375,0.0,P31353,671595at2759,0.375,control:Q9NS87
P05546,188,0.0,0.0,P19113,1063785at2759,0.0,control:Q01415
P05546,387,0.0,0.0,Q01415,1063785at2759,0.0,control:Q01415
P06281,139,0.0,0.0,O70467,771136at2759,0.0,control:Q9NS87
P06857,157,0.0,0.0,P69892,199913at2759,0.0,control:Q9NS87
P06858,70,0.0,0.0,P52948,199913at2759,0.0,control:Q9NS87
P06858,386,1.0,0.0,Q9USY3,199913at2759,1.0,control:Q9NS87
P06870,165,0.0,0.0,P62497,10061449at2759,0.0,control:Q9NS87
P07093,118,0.0,0.0,Q9HAV4,671595at2759,0.0,control:Q9NS87
P07093,159,0.0,0.0,Q96C86,671595at2759,0.0,control:Q9NS87
P07267,144,0.0,0.0,P20480,771136at2759,0.0,control:Q9NS87
P07267,345,1.0,1.0,Q1ENB6,771136at2759,0.0,control:Q9NS87
P07309,118,0.0,0.0,Q09725,10265230at2759,0.0,control:Q09725
P07339,134,0.1875,0.0,P51692,771136at2759,0.1875,control:Q9NS87
P07339,263,0.0625,0.0,Q96RQ3,771136at2759,0.0625,control:Q9NS87
P07359,37,0.0,0.0,Q9FG13,676979at2759,0.0,control:Q9NS87
P07949,763,0.0,1.0,Q9BV86,4062651at2759,-1.0,control:Q9NS87
P07949,975,0.375,0.0312,Q9NQG7,4062651at2759,0.3438,control:Q9NS87
P07998,62,0.0,0.0,O13154,8573660at2759,0.0,control:Q9SYT0
P07998,104,0.0,0.9688,Q7Z406,8573660at2759,-0.9688,control:Q9SYT0
P07998,116,0.0,0.0,P34914,8573660at2759,0.0,control:Q9SYT0
P08171,42,0.0312,0.0,P42345,16520at2759,0.0312,control:P60228
P08311,71,0.0,0.0,Q3ZCK9,771136at2759,0.0,control:Q9NS87
P08424,139,0.0,0.0,P42939,771136at2759,0.0,control:Q9NS87
P08571,151,0.0938,0.9688,P46598,676979at2759,-0.875,control:Q9NS87
P08571,282,0.0625,1.0,P25054,676979at2759,-0.9375,control:Q9NS87
P08571,323,0.0,0.0,Q6PJ69,676979at2759,0.0,control:Q9NS87
P08582,38,0.0,0.0,Q03479,9981115at2759,0.0,control:Q9NS87
P09889,124,0.0,0.0,P0CX43,411211at2759,0.0,control:P41391
P0C0L5,862,0.0312,0.0,P41250,6359008at2759,0.0312,control:P41250
P0DUB6,427,0.0,0.0,P47061,1740265at2759,0.0,control:P47061
P10041,137,0.0,0.7188,O00182,283575at2759,-0.7188,control:Q9NS87
P10041,167,0.0,0.0,Q16222,283575at2759,0.0,control:Q9NS87
P10643,754,0.0,0.0,Q9WV60,504708at2759,0.0,control:Q9WV60
P10646,145,0.0,0.0312,Q07021,5950222at2759,-0.0312,control:Q07021
P10810,147,0.0,0.9062,P40925,676979at2759,-0.9062,control:Q9NS87
P10810,180,0.0,0.0,Q5S007,676979at2759,0.0,control:Q9NS87
P10810,317,0.0,0.0625,O94855,676979at2759,-0.0625,control:Q9NS87
P11151,73,0.1562,0.7812,P55263,199913at2759,-0.625,control:Q9NS87
P12273,105,0.0,0.0,P63165,9835042at2759,0.0,control:P63165
P12337,79,0.0,0.0,P55735,16520at2759,0.0,control:P60228
P13224,66,0.0,0.0,Q96Q15,676979at2759,0.0,control:Q9NS87
P13686,116,0.0,0.5625,P41391,411211at2759,-0.5625,control:P41391
P13721,146,0.0,0.9688,P34607,10264956at2759,-0.9688,control:Q04183
P13866,248,0.0,0.0,P0CX82,6132759at2759,0.0,control:P0CX82
P14210,653,0.0,0.0,Q15691,41905at2759,0.0,control:P20004
P14384,38,0.0,0.0,Q8NB14,10249045at2759,0.0,control:Q01574
P14384,164,0.0,0.0,Q01574,10249045at2759,0.0,control:Q01574
P15907,149,0.0,0.0,Q04183,10264956at2759,0.0,control:Q04183
P18168,246,0.0,0.0,Q07508,283575at2759,0.0,control:Q9NS87
P18892,55,0.0,0.0,O22769,6105938at2759,0.0,control:P08151
P18892,215,0.0,0.0,P08151,6105938at2759,0.0,control:P08151
P23280,67,0.0938,0.0,Q9VAW5,429145at2759,0.0938,control:O02697
P23280,256,0.0,0.0,Q9BZL6,429145at2759,0.0,control:O02697
P23776,165,0.0,0.0,P15398,62120at2759,0.0,control:P15398
P23780,248,0.0,0.0,Q02061,1657402at2759,0.0,control:Q5T4S7
P23780,500,0.0,0.0625,P25694,1657402at2759,-0.0625,control:Q5T4S7
P23946,80,0.0,1.0,P00352,771136at2759,-1.0,control:Q9NS87
P23946,103,0.7812,0.0,O76074,771136at2759,0.7812,control:Q9NS87
P25974,351,0.0,0.0,Q99613,1425232at2759,0.0,control:Q99613
P26213,246,0.0,0.0,P62191,1546079at2759,0.0,control:Q9ESJ0
P26214,240,1.0,0.0,Q9ESJ0,1546079at2759,1.0,control:Q9ESJ0
P26927,615,0.0,0.375,P38817,41905at2759,-0.375,control:P20004
P27169,227,1.0,0.0,Q3E757,423498at2759,1.0,control:P53350
P27169,253,0.0,0.25,P53350,423498at2759,-0.25,control:P53350
P27487,219,0.0,0.0,Q9HE06,16520at2759,0.0,control:P60228
P27809,197,0.0,0.0,Q9JK48,439943at2759,0.0,control:Q9JK48
P28026,263,0.0,0.25,P30575,5945655at2759,-0.25,control:Q9NS87
P28845,162,1.0,0.3438,O70435,1933717at2759,0.6562,control:P59047
P29320,620,1.0,0.0,P33242,4062651at2759,1.0,control:Q9NS87
P29320,704,0.0625,0.0,P42676,4062651at2759,0.0625,control:Q9NS87
P29622,157,0.0,0.0,P24723,671595at2759,0.0,control:Q9NS87
P30203,49,0.0,0.0,P35573,536948at2759,0.0,control:P35573
P30530,43,1.0,0.0,Q9Y3I0,4062651at2759,1.0,control:Q9NS87
P30922,60,0.0,1.0,Q9UGI0,76388at2759,-1.0,control:P20004
P32766,39,0.0,0.0,P83133,1908104at2759,0.0,control:O14641
P32906,224,0.0,0.0,Q63450,8118055at2759,0.0,control:O22287
P35052,116,0.0,0.0,Q7Z7E8,10010764at2759,0.0,control:Q7Z7E8
P35495,71,1.0,0.0,Q84VW9,9517200at2759,1.0,control:Q84VW9
P41222,51,0.0,0.0,Q9UQ13,9048943at2759,0.0,control:P68265
P41222,78,1.0,0.8438,P68265,9048943at2759,0.1562,control:P68265
P42658,813,0.0,0.1562,O08967,16520at2759,-0.1562,control:P60228
P43652,33,0.0,0.0,Q8K3W0,9875082at2759,0.0,control:Q9NS87
P43652,109,0.75,0.0,E9Q555,9875082at2759,0.75,control:Q9NS87
P43652,402,0.0,0.0,Q6PAL8,9875082at2759,0.0,control:Q9NS87
P43652,488,0.0,0.0,Q96RU8,9875082at2759,0.0,control:Q9NS87
P45452,117,0.0,0.0,P27707,406838at2759,0.0,control:Q9NS87
P45700,515,0.0,0.5312,O22287,8118055at2759,-0.5312,control:O22287
P50172,162,0.0,0.0,P59047,1933717at2759,0.0,control:P59047
P54317,353,0.0,0.0,B4FUP5,199913at2759,0.0,control:Q9NS87
P54318,352,0.0,0.0,P34731,199913at2759,0.0,control:Q9NS87
P54760,768,0.0,0.0,O15020,4062651at2759,0.0,control:Q9NS87
P54762,480,0.0,0.0,P37382,4062651at2759,0.0,control:Q9NS87
P54855,316,0.0,0.0,Q8NJU8,5835829at2759,0.0,control:Q8NJU8
P56703,90,0.0,0.0,Q9V6K1,5945655at2759,0.0,control:Q9NS87
P56704,298,0.0,0.0,E9Q555,5945655at2759,0.0,control:Q9NS87
P56817,153,0.0,0.0,Q3T108,2747330at2759,0.0,control:P63010
P56817,172,0.0,0.0,Q38950,2747330at2759,0.0,control:P63010
P58738,34,0.0,0.0,Q99K70,5823761at2759,0.0,control:Q99K70
P61009,141,0.0,0.0,Q9SYT0,10261524at2759,0.0,control:Q9SYT0
P61823,60,0.0,0.0,Q9SYT0,8573660at2759,0.0,control:Q9SYT0
Q12866,442,0.0,0.0,P32377,4062651at2759,0.0,control:Q9NS87
Q12884,49,0.0,0.0,O88844,16520at2759,0.0,control:P60228
Q13253,62,0.0,0.0,Q9ULG1,5950649at2759,0.0,control:Q9ULG1
Q14393,420,0.0,1.0,P53152,4062651at2759,-1.0,control:Q9NS87
Q15828,137,0.0,0.0,O14641,1908104at2759,0.0,control:O14641
Q16769,49,0.0,0.0,E9Q555,3907302at2759,0.0,control:Q9NS87
Q16819,140,0.0,1.0,P04789,291007at2759,-1.0,control:Q9NS87
Q16819,222,0.0,0.0,Q04430,291007at2759,0.0,control:Q9NS87
Q16819,539,0.0,0.0,P07171,291007at2759,0.0,control:Q9NS87
Q16820,218,0.0,0.0,O70274,291007at2759,0.0,control:Q9NS87
Q16820,254,1.0,0.0,P62333,291007at2759,1.0,control:Q9NS87
Q16820,445,0.0,0.0,P22137,291007at2759,0.0,control:Q9NS87
Q2UCU3,373,0.0,0.0,Q5T4S7,1657402at2759,0.0,control:Q5T4S7
Q42369,130,0.0,0.0,Q14232,1258937at2759,0.0,control:Q14232
Q4PRD2,82,0.0,0.0,P19388,gene_name_a60f47ae,0.0,control:P19388
Q4WP32,159,1.0,0.0,Q10429,4849160at2759,1.0,control:O14933
Q5EB76,70,0.0,0.0,P50586,1508846at2759,0.0,control:Q1K6I4
Q62192,78,1.0,1.0,P55263,676979at2759,0.0,control:Q9NS87
Q62192,402,0.0,0.0,P13797,676979at2759,0.0,control:Q9NS87
Q62765,343,0.0,0.0312,Q8C5G2,16520at2759,-0.0312,control:P60228
Q62765,547,0.0,1.0,P61077,16520at2759,-1.0,control:P60228
Q69ZK9,98,0.0,0.0,P42345,16520at2759,0.0,control:P60228
Q6NSJ0,240,0.0,0.0,Q8WVN8,10070917at2759,0.0,control:Q8WVN8
Q7YS85,60,0.0,0.0,Q99832,76388at2759,0.0,control:P20004
Q7Z9M7,25,0.625,0.0,Q9QZE5,4849160at2759,0.625,control:O14933
Q80XU8,25,0.0,0.0,P34731,676979at2759,0.0,control:Q9NS87
Q80XU8,70,0.0,0.0,Q06705,676979at2759,0.0,control:Q9NS87
Q80ZD8,72,0.8125,0.0,P46662,676979at2759,0.8125,control:Q9NS87
Q80ZD8,315,0.0,0.0,Q93WL3,676979at2759,0.0,control:Q9NS87
Q8BGT1,226,0.9375,1.0,O60784,676979at2759,-0.0625,control:Q9NS87
Q8BGT1,282,0.4688,0.0,Q8TGA0,676979at2759,0.4688,control:Q9NS87
Q8IAS0,334,0.2188,0.0,P26038,771136at2759,0.2188,control:Q9NS87
Q8IW75,233,0.0,0.2188,P51580,671595at2759,-0.2188,control:Q9NS87
Q8IW75,267,0.0,0.0,O74630,671595at2759,0.0,control:Q9NS87
Q8N0W4,102,0.0,0.0,Q9NR31,16520at2759,0.0,control:P60228
Q8N608,111,0.0,0.0,Q3T0T1,16520at2759,0.0,control:P60228
Q8NBL1,204,0.0,0.0,Q9H765,202415at2759,0.0,control:Q9H765
Q8SPQ0,60,0.0,1.0,Q15691,76388at2759,-1.0,control:P20004
Q91WP6,104,0.0,0.0,J9VJP1,671595at2759,0.0,control:Q9NS87
Q91WP6,269,0.2812,0.0,Q96HR8,671595at2759,0.2812,control:Q9NS87
Q91XE7,70,0.0,0.0,Q1K6I4,1508846at2759,0.0,control:Q1K6I4
Q96IY4,44,0.0312,0.0625,Q8HZM5,3626597at2759,-0.0313,control:Q9Y6M1
Q96IY4,241,1.0,1.0,P23526,3626597at2759,0.0,control:Q9Y6M1
Q96KN2,382,0.0,0.0,P61982,7832001at2759,0.0,control:P61982
Q96PS8,133,0.0,0.0,Q15717,3222at2759,0.0,control:Q15717
Q96RD7,255,0.0,0.0,O43318,5867527at2759,0.0,control:O43318
Q99036,184,0.9375,1.0,Q91WR5,406631at2759,-0.0625,control:Q91WR5
Q99467,201,1.0,0.0,P63104,676979at2759,1.0,control:Q9NS87
Q99538,167,0.0,0.0,Q9USL5,192611at2759,0.0,control:O15131
Q99538,272,0.4375,0.9688,O15131,192611at2759,-0.5313,control:O15131
Q99784,307,1.0,0.0,O75140,8626508at2759,1.0,control:O75140
Q99895,52,0.0938,0.0,Q03479,10061449at2759,0.0938,control:Q9NS87
Q99MB1,53,0.5312,0.0,O02611,676979at2759,0.5312,control:Q9NS87
Q99MB1,253,0.0,0.0,O00182,676979at2759,0.0,control:Q9NS87
Q99MB1,425,0.7188,0.0,O75821,676979at2759,0.7188,control:Q9NS87
Q99MB1,668,0.4062,0.0,Q70J99,676979at2759,0.4062,control:Q9NS87
Q9BYE2,405,0.0,0.0,P59047,10012881at2759,0.0,control:P59047
Q9C1S9,167,0.0,0.0,P09960,64893at2759,0.0,control:P09960
Q9CYK2,50,0.0,0.0,Q93034,3907302at2759,0.0,control:Q9NS87
Q9FII5,111,0.0,0.0,Q28943,676979at2759,0.0,control:Q9NS87
Q9FII5,471,0.0,0.0,Q9ZVQ3,676979at2759,0.0,control:Q9NS87
Q9FII5,542,0.0,0.0,Q91754,676979at2759,0.0,control:Q9NS87
Q9GK11,158,1.0,0.0,P26043,771136at2759,1.0,control:Q9NS87
Q9H1J5,103,0.0,0.0,Q96RQ3,5945655at2759,0.0,control:Q9NS87
Q9HB14,59,0.0,0.0,Q8WVM7,297496at2759,0.0,control:Q8WVM7
Q9NWM8,176,0.0,0.0,Q08493,1902587at2759,0.0,control:Q08493
Q9NZC2,79,0.0,0.0,Q92902,9805957at2759,0.0,control:Q92902
Q9NZU0,226,0.125,0.0,Q8CI51,676979at2759,0.125,control:Q9NS87
Q9T0N8,63,0.0,0.0,P56287,415825at2759,0.0,control:P56287
Q9UI42,260,0.0,0.9688,Q9Y6M1,3626597at2759,-0.9688,control:Q9Y6M1
Q9UK55,180,0.0,0.0,Q14999,10063692at2759,0.0,control:Q14999
Q9V3D4,220,0.0,0.0,P20004,76388at2759,0.0,control:P20004
Q9VB68,270,0.9375,0.0,Q9Y285,547031at2759,0.9375,control:Q9Y285
Q9VRQ9,42,0.9062,0.3125,P45983,3907302at2759,0.5937,control:Q9NS87
Q9WVT6,213,0.0,0.0,O02697,429145at2759,0.0,control:O02697
Q9XIC7,153,0.0,0.0,P05708,4062651at2759,0.0,control:Q9NS87
Q9Y227,404,0.0,0.0,P18206,6372431at2759,0.0,control:Q86Y01
Q9Y227,407,0.0,0.0,Q86Y01,6372431at2759,0.0,control:Q86Y01
Q9Y337,69,0.25,0.0,Q9R1M5,10061449at2759,0.25,control:Q9NS87
Q9Y337,173,0.0,0.125,P37382,10061449at2759,-0.125,control:Q9NS87
Q9Y4K0,644,0.0,0.2188,P60904,547291at2759,-0.2188,control:P60904
Q9Y5Z0,170,0.0312,0.0,P63010,2747330at2759,0.0312,control:P63010
Q9Z218,112,0.0,0.0,P60228,16520at2759,0.0,control:P60228
Q9ZVR7,301,0.0,0.0,O88879,676979at2759,0.0,control:Q9NS87
Q9ZVR7,391,0.0,0.0,Q03308,676979at2759,0.0,control:Q9NS87
Q9ZVR7,472,0.0,0.0938,Q9NS87,676979at2759,-0.0938,control:Q9NS87
W4KMP1,152,0.9375,0.0625,O14933,4849160at2759,0.875,control:O14933
