feature,statistic,comparison,n_occupied,n_comparison,proteins_occupied,proteins_comparison,mean_occupied,mean_comparison,estimate,ci_low,ci_high,p,n_boot,family,q
n_rsa,smd,internal_control,318,31,233,24,0.43757893081761007,0.4277483870967742,0.0496163906188315,-0.3898748592527901,0.4783218502184112,0.786,2000,confirmatory,0.9470769230769231
plus1_rsa,smd,internal_control,318,31,233,24,0.2220191823899371,0.1821064516129032,0.18387784779970637,-0.18180769402182953,0.6536772506171118,0.341,2000,confirmatory,0.6576428571428572
plus2_rsa,smd,internal_control,318,31,233,24,0.31667169811320756,0.3222870967741936,-0.0249208351869438,-0.4343695645959578,0.3804437155473873,0.906,2000,confirmatory,0.9470769230769231
loop_run_length,smd,internal_control,204,20,157,17,7.504901960784314,11.1,-0.6843539394599636,-1.2244811599823817,-0.18745434338816344,0.006,2000,confirmatory,0.054
n_neighbours_8a,smd,internal_control,318,31,233,24,8.757861635220126,8.870967741935484,-0.044075139132296465,-0.466159293647157,0.4080657074254362,0.807,2000,confirmatory,0.9470769230769231
nd2_atoms_8a_same_chain,smd,internal_control,316,30,232,24,42.44303797468354,40.666666666666664,0.10773479152435533,-0.30508216899281143,0.533495130125396,0.626,2000,confirmatory,0.8451000000000001
nd2_residues_8a_same_chain,smd,internal_control,316,30,232,24,9.55379746835443,9.9,-0.09889259185244634,-0.48929380637817793,0.31824715914821133,0.584,2000,confirmatory,0.8451000000000001
nd2_atoms_8a_other_chain,smd,internal_control,316,30,232,24,1.4525316455696202,6.5,-0.4158889749038696,-0.7755668774298359,0.1581178172213769,0.084,2000,confirmatory,0.252
sidechain_neighbour_residues_5a,smd,internal_control,317,31,232,24,5.018927444794953,5.32258064516129,-0.15842596943582365,-0.5777625700590886,0.2742489425545774,0.438,2000,confirmatory,0.7884
neighbour_net_charge_8a,smd,internal_control,318,31,233,24,-0.025157232704402517,0.0,-0.02444167723580704,-0.39385876408923964,0.34715744094754375,0.911,2000,confirmatory,0.9470769230769231
neighbour_hydrophobic_fraction_8a,smd,internal_control,318,31,233,24,0.2831185534591195,0.23050000000000004,0.317006014887635,-0.0705801552355706,0.7121773815061081,0.105,2000,confirmatory,0.2835
neighbour_aromatic_fraction_8a,smd,internal_control,318,31,233,24,0.08487201257861635,0.0914,-0.06486354151209978,-0.4256039094855323,0.3444554495502967,0.74,2000,confirmatory,0.9470769230769231
nearest_aromatic_sidechain_nd2,smd,internal_control,314,30,231,24,8.428025477707006,8.240333333333334,0.06918435566051061,-0.21703585086928728,0.3856979804215226,0.601,2000,confirmatory,0.8451000000000001
uniprot_residues_after_asn,smd,internal_control,318,31,233,24,299.8207547169811,427.8709677419355,-0.505333492216042,-0.9901875219870011,-0.054490296980514046,0.031,2000,confirmatory,0.13949999999999999
uniprot_residues_after_sequon,smd,internal_control,318,31,233,24,297.8207547169811,425.8709677419355,-0.505333492216042,-0.9901875219870011,-0.054490296980514046,0.031,2000,confirmatory,0.13949999999999999
distance_to_n_terminus_resolved,smd,internal_control,318,31,233,24,149.19811320754718,186.0,-0.262068935752544,-0.6193720578394076,0.10557691158538185,0.172,2000,confirmatory,0.4221818181818181
distance_to_c_terminus_resolved,smd,internal_control,318,31,233,24,204.66352201257862,271.06451612903226,-0.385772616468649,-0.7819994583598487,0.02608881287452154,0.065,2000,confirmatory,0.21937500000000001
n_ss_coarse==loop,mean_difference,internal_control,317,31,232,24,0.6435331230283912,0.6451612903225806,-0.0016281672941894643,-0.15801648351184383,0.16430760460106078,0.961,2000,confirmatory,0.961
n_ss_coarse==helix,mean_difference,internal_control,317,31,232,24,0.11987381703470032,0.16129032258064516,-0.04141650554594484,-0.18382025149744566,0.09065596469033572,0.589,2000,confirmatory,0.8451000000000001
n_ss_coarse==sheet,mean_difference,internal_control,317,31,232,24,0.2334384858044164,0.1935483870967742,0.03989009870764221,-0.10463328636790192,0.1719248790660232,0.557,2000,confirmatory,0.8451000000000001
plus1_ss_coarse==loop,mean_difference,internal_control,317,31,232,24,0.5962145110410094,0.8064516129032258,-0.21023710186221634,-0.359542597467723,-0.04512030627342161,0.022,2000,confirmatory,0.13949999999999999
plus1_ss_coarse==helix,mean_difference,internal_control,317,31,232,24,0.17981072555205047,0.0967741935483871,0.08303653200366337,-0.04739145658263305,0.18718573035696223,0.191,2000,confirmatory,0.42975
plus1_ss_coarse==sheet,mean_difference,internal_control,317,31,232,24,0.22397476340694006,0.0967741935483871,0.12720056985855296,0.000848186296462177,0.22903487097163408,0.05,2000,confirmatory,0.19285714285714287
plus2_ss_coarse==loop,mean_difference,internal_control,317,31,232,24,0.5425867507886435,0.8387096774193549,-0.2961229266307114,-0.4231150793650794,-0.1473251840913343,0.0005,2000,confirmatory,0.0135
plus2_ss_coarse==helix,mean_difference,internal_control,317,31,232,24,0.17350157728706625,0.0967741935483871,0.07672738373867916,-0.03815939226762399,0.17468955588022525,0.208,2000,confirmatory,0.432
plus2_ss_coarse==sheet,mean_difference,internal_control,317,31,232,24,0.277602523659306,0.06451612903225806,0.21308639462704793,0.10376340191248914,0.29939706566276164,0.002,2000,confirmatory,0.027
aromatic_within_8a==True,mean_difference,internal_control,318,31,233,24,0.5377358490566038,0.5483870967741935,-0.01065124771758974,-0.21118627744561624,0.18434350456736437,0.912,2000,confirmatory,0.9470769230769231
n_rsa,smd,secretory_unannotated,318,2207,233,1098,0.43757893081761007,0.32172238332578157,0.5718494264231062,0.4641939355835931,0.6895800660584318,0.0005,2000,confirmatory,0.0010384615384615384
plus1_rsa,smd,secretory_unannotated,318,2207,233,1098,0.2220191823899371,0.2700443588581785,-0.2209660518073857,-0.3586172740600452,-0.09059005107754449,0.002,2000,confirmatory,0.003857142857142857
plus2_rsa,smd,secretory_unannotated,318,2207,233,1098,0.31667169811320756,0.2888932487539646,0.12319058550562,-0.0033472973423689903,0.2526460416917853,0.053,2000,confirmatory,0.07531578947368421
loop_run_length,smd,secretory_unannotated,204,1354,157,821,7.504901960784314,8.087887740029542,-0.09598414131279037,-0.24437643187810262,0.06213089035346427,0.223,2000,confirmatory,0.2736818181818182
n_neighbours_8a,smd,secretory_unannotated,318,2207,233,1098,8.757861635220126,9.045310376076122,-0.11476484926161468,-0.23168259053515391,0.000778164432224368,0.053,2000,confirmatory,0.07531578947368421
nd2_atoms_8a_same_chain,smd,secretory_unannotated,316,2111,232,1072,42.44303797468354,54.891046897205115,-0.5870569122282457,-0.6964947950775037,-0.4818767787573878,0.0005,2000,confirmatory,0.0010384615384615384
nd2_residues_8a_same_chain,smd,secretory_unannotated,316,2111,232,1072,9.55379746835443,12.020843202273804,-0.534457294971272,-0.6419514340426272,-0.4290088753117607,0.0005,2000,confirmatory,0.0010384615384615384
nd2_atoms_8a_other_chain,smd,secretory_unannotated,316,2111,232,1072,1.4525316455696202,5.6541923259118905,-0.399270615514547,-0.488032987461999,-0.30477140668422636,0.0005,2000,confirmatory,0.0010384615384615384
sidechain_neighbour_residues_5a,smd,secretory_unannotated,317,2181,232,1094,5.018927444794953,5.702888583218707,-0.3581608547780511,-0.47277720883110186,-0.24114200389201002,0.0005,2000,confirmatory,0.0010384615384615384
neighbour_net_charge_8a,smd,secretory_unannotated,318,2207,233,1098,-0.025157232704402517,-0.012686905301314002,-0.010817879882569666,-0.11498872108092212,0.09600106757133049,0.837,2000,confirmatory,0.837
neighbour_hydrophobic_fraction_8a,smd,secretory_unannotated,318,2207,233,1098,0.2831185534591195,0.2802808337109198,0.01712157240529942,-0.11937457263748637,0.1613253643004632,0.829,2000,confirmatory,0.837
neighbour_aromatic_fraction_8a,smd,secretory_unannotated,318,2207,233,1098,0.08487201257861635,0.09952356139555958,-0.1466102513151286,-0.27145689018018837,-0.028733172489731985,0.013,2000,confirmatory,0.023399999999999997
nearest_aromatic_sidechain_nd2,smd,secretory_unannotated,314,2087,231,1060,8.428025477707006,7.243977000479156,0.3931258730468284,0.27406026361820945,0.5158207467758723,0.0005,2000,confirmatory,0.0010384615384615384
uniprot_residues_after_asn,smd,secretory_unannotated,318,2207,233,1098,299.8207547169811,343.7145446307204,-0.11540975286030186,-0.22795497229238587,0.02556302421889394,0.097,2000,confirmatory,0.12471428571428572
uniprot_residues_after_sequon,smd,secretory_unannotated,318,2207,233,1098,297.8207547169811,341.7145446307204,-0.11540975286030186,-0.22795497229238587,0.02556302421889394,0.097,2000,confirmatory,0.12471428571428572
distance_to_n_terminus_resolved,smd,secretory_unannotated,318,2207,233,1098,149.19811320754718,257.3081105573176,-0.4537226067305218,-0.5534372666614099,-0.3541227859825945,0.0005,2000,confirmatory,0.0010384615384615384
distance_to_c_terminus_resolved,smd,secretory_unannotated,318,2207,233,1098,204.66352201257862,241.52831898504758,-0.16533785346771632,-0.283130240925477,-0.029322239390307734,0.023,2000,confirmatory,0.0388125
n_ss_coarse==loop,mean_difference,secretory_unannotated,317,2189,232,1096,0.6435331230283912,0.6185472818638648,0.0249858411645264,-0.03281094911548673,0.08124219172331398,0.387,2000,confirmatory,0.435375
n_ss_coarse==helix,mean_difference,secretory_unannotated,317,2189,232,1096,0.11987381703470032,0.27638190954773867,-0.15650809251303835,-0.19941032339728185,-0.10984933935551798,0.0005,2000,confirmatory,0.0010384615384615384
n_ss_coarse==sheet,mean_difference,secretory_unannotated,317,2189,232,1096,0.2334384858044164,0.10004568296025583,0.13339280284416055,0.08532314343717368,0.18491643097877913,0.0005,2000,confirmatory,0.0010384615384615384
plus1_ss_coarse==loop,mean_difference,secretory_unannotated,317,2190,232,1096,0.5962145110410094,0.5666666666666667,0.02954784437434277,-0.031925381043994346,0.08934583001145696,0.333,2000,confirmatory,0.39091304347826084
plus1_ss_coarse==helix,mean_difference,secretory_unannotated,317,2190,232,1096,0.17981072555205047,0.32054794520547947,-0.140737219653429,-0.18825640728830031,-0.08850119354894363,0.0005,2000,confirmatory,0.0010384615384615384
plus1_ss_coarse==sheet,mean_difference,secretory_unannotated,317,2190,232,1096,0.22397476340694006,0.10365296803652968,0.12032179537041038,0.07270831440440134,0.16928738771916094,0.0005,2000,confirmatory,0.0010384615384615384
plus2_ss_coarse==loop,mean_difference,secretory_unannotated,317,2190,232,1096,0.5425867507886435,0.5237442922374429,0.01884245855120059,-0.04630899178634986,0.08545940008128793,0.556,2000,confirmatory,0.60048
plus2_ss_coarse==helix,mean_difference,secretory_unannotated,317,2190,232,1096,0.17350157728706625,0.3360730593607306,-0.16257148207366437,-0.21052924119847058,-0.1084694245209482,0.0005,2000,confirmatory,0.0010384615384615384
plus2_ss_coarse==sheet,mean_difference,secretory_unannotated,317,2190,232,1096,0.277602523659306,0.12374429223744292,0.15385823142186306,0.0988313465658601,0.20712920369281013,0.0005,2000,confirmatory,0.0010384615384615384
aromatic_within_8a==True,mean_difference,secretory_unannotated,318,2207,233,1098,0.5377358490566038,0.5949252378794744,-0.05718938882287061,-0.1167408771503647,-0.00034057311721442593,0.05,2000,confirmatory,0.07531578947368421
n_rsa,smd,bacterial,318,3231,233,1025,0.43757893081761007,0.3247342618384401,0.5704327966611291,0.4536452711982334,0.6800830607473073,0.0005,2000,diagnostic,0.0017857142857142859
plus1_rsa,smd,bacterial,318,3231,233,1025,0.2220191823899371,0.2276114515629836,-0.026027244878862932,-0.15980719038590446,0.095202074993543,0.658,2000,diagnostic,0.7833333333333333
plus2_rsa,smd,bacterial,318,3231,233,1025,0.31667169811320756,0.27999148870318785,0.16271931192841024,0.03767093312469599,0.28351316343484484,0.006,2000,diagnostic,0.01875
loop_run_length,smd,bacterial,204,1976,157,850,7.504901960784314,6.907894736842105,0.11015399879363794,-0.04954112624038165,0.2650005006344636,0.174,2000,diagnostic,0.271875
n_neighbours_8a,smd,bacterial,318,3231,233,1025,8.757861635220126,9.707520891364902,-0.368646513501497,-0.48303737319299034,-0.253669065899606,0.0005,2000,diagnostic,0.0017857142857142859
nd2_atoms_8a_same_chain,smd,bacterial,316,3208,232,1019,42.44303797468354,58.05860349127182,-0.7306490107118776,-0.8340148956631792,-0.6199807470205094,0.0005,2000,diagnostic,0.0017857142857142859
nd2_residues_8a_same_chain,smd,bacterial,316,3208,232,1019,9.55379746835443,12.881857855361597,-0.7185377700919403,-0.8200289671674377,-0.612331665331741,0.0005,2000,diagnostic,0.0017857142857142859
nd2_atoms_8a_other_chain,smd,bacterial,316,3208,232,1019,1.4525316455696202,2.5364713216957604,-0.1385579830733281,-0.2415391632187734,-0.03384932874056499,0.009,2000,diagnostic,0.024999999999999998
sidechain_neighbour_residues_5a,smd,bacterial,317,3222,232,1023,5.018927444794953,6.026070763500931,-0.5201182502923555,-0.6294980872164228,-0.40997083547943036,0.0005,2000,diagnostic,0.0017857142857142859
neighbour_net_charge_8a,smd,bacterial,318,3231,233,1025,-0.025157232704402517,-0.1293717115444135,0.09278785134071338,-0.01621788215401978,0.19715514665240286,0.098,2000,diagnostic,0.16333333333333336
neighbour_hydrophobic_fraction_8a,smd,bacterial,318,3231,233,1025,0.2831185534591195,0.2537371402042711,0.18061685919466927,0.04233998487635056,0.3130008906019638,0.012,2000,diagnostic,0.03
neighbour_aromatic_fraction_8a,smd,bacterial,318,3231,233,1025,0.08487201257861635,0.08580913030021664,-0.009667704725909953,-0.13172777644291123,0.11771471137345287,0.874,2000,diagnostic,0.895
nearest_aromatic_sidechain_nd2,smd,bacterial,314,3145,231,1010,8.428025477707006,7.633046104928458,0.2607613741775344,0.14160869338555365,0.38455486009085504,0.0005,2000,diagnostic,0.0017857142857142859
uniprot_residues_after_asn,smd,bacterial,318,0,233,0,299.8207547169811,,,,,,2000,diagnostic,
uniprot_residues_after_sequon,smd,bacterial,318,0,233,0,297.8207547169811,,,,,,2000,diagnostic,
distance_to_n_terminus_resolved,smd,bacterial,318,3231,233,1025,149.19811320754718,233.11977715877438,-0.4546849496294143,-0.5762432970012316,-0.3291013947991904,0.0005,2000,diagnostic,0.0017857142857142859
distance_to_c_terminus_resolved,smd,bacterial,318,3231,233,1025,204.66352201257862,232.90653048591767,-0.14744831778708958,-0.2887922215169587,0.014643413131258932,0.067,2000,diagnostic,0.12884615384615386
n_ss_coarse==loop,mean_difference,bacterial,317,3222,232,1023,0.6435331230283912,0.6132836747361887,0.03024944829220244,-0.023800938791113127,0.08272541597989541,0.261,2000,diagnostic,0.36250000000000004
n_ss_coarse==helix,mean_difference,bacterial,317,3222,232,1023,0.11987381703470032,0.13842333954065797,-0.01854952250595765,-0.055519391386152694,0.02000520905493571,0.335,2000,diagnostic,0.4407894736842105
n_ss_coarse==sheet,mean_difference,bacterial,317,3222,232,1023,0.2334384858044164,0.23711980136561142,-0.0036813155611950255,-0.052261094049687096,0.04538404966577461,0.895,2000,diagnostic,0.895
plus1_ss_coarse==loop,mean_difference,bacterial,317,3222,232,1023,0.5962145110410094,0.5599006828057107,0.03631382823529872,-0.024873391717191096,0.09709042278936156,0.248,2000,diagnostic,0.36250000000000004
plus1_ss_coarse==helix,mean_difference,bacterial,317,3222,232,1023,0.17981072555205047,0.15921787709497207,0.0205928484570784,-0.02597317552704658,0.06865970797903186,0.406,2000,diagnostic,0.5075000000000001
plus1_ss_coarse==sheet,mean_difference,bacterial,317,3222,232,1023,0.22397476340694006,0.2740533829919305,-0.050078619584990436,-0.09895555197826719,7.432691964723093e-05,0.052,2000,diagnostic,0.10833333333333334
plus2_ss_coarse==loop,mean_difference,bacterial,317,3222,232,1023,0.5425867507886435,0.4872749844816884,0.05531176630695511,-0.006252672703064936,0.11933007772713551,0.077,2000,diagnostic,0.1375
plus2_ss_coarse==helix,mean_difference,bacterial,317,3222,232,1023,0.17350157728706625,0.16604593420235877,0.007455643084707475,-0.03899513562099519,0.057028522883904004,0.773,2000,diagnostic,0.8445652173913044
plus2_ss_coarse==sheet,mean_difference,bacterial,317,3222,232,1023,0.277602523659306,0.3382991930477964,-0.06069666938849039,-0.11680581983174475,-0.0052797010715593794,0.031,2000,diagnostic,0.07045454545454545
aromatic_within_8a==True,mean_difference,bacterial,318,3231,233,1025,0.5377358490566038,0.546580006190034,-0.00884415713343023,-0.07160768377592938,0.053868979023735365,0.777,2000,diagnostic,0.8445652173913044
n_rsa,smd,cytosolic,318,3407,233,1674,0.43757893081761007,0.33671429410038156,0.5022360169039437,0.390924987418745,0.6151739028688961,0.0005,2000,diagnostic,0.0010416666666666667
plus1_rsa,smd,cytosolic,318,3407,233,1674,0.2220191823899371,0.24389536248899324,-0.10180313025542607,-0.23047048055364905,0.03363580451990087,0.123,2000,diagnostic,0.1921875
plus2_rsa,smd,cytosolic,318,3407,233,1674,0.31667169811320756,0.2909067508071617,0.11491063064809824,-0.0033149998233830014,0.23808124300523165,0.056,2000,diagnostic,0.09333333333333334
loop_run_length,smd,cytosolic,204,2124,157,1267,7.504901960784314,7.297551789077213,0.035814364444108626,-0.11268898884340085,0.18346918555248717,0.637,2000,diagnostic,0.7238636363636364
n_neighbours_8a,smd,cytosolic,318,3407,233,1674,8.757861635220126,8.93630760199589,-0.07022448043737121,-0.18674787563066747,0.04610835679316073,0.222,2000,diagnostic,0.3264705882352941
nd2_atoms_8a_same_chain,smd,cytosolic,316,3223,232,1626,42.44303797468354,54.543282655910645,-0.5853883394056574,-0.6877356734289684,-0.4789345833954508,0.0005,2000,diagnostic,0.0010416666666666667
nd2_residues_8a_same_chain,smd,cytosolic,316,3223,232,1626,9.55379746835443,12.039094011790258,-0.5529886908083214,-0.6525020939348153,-0.4495838629234421,0.0005,2000,diagnostic,0.0010416666666666667
nd2_atoms_8a_other_chain,smd,cytosolic,316,3223,232,1626,1.4525316455696202,4.398386596338815,-0.3185467021998071,-0.4177049638224777,-0.22350816112589153,0.0005,2000,diagnostic,0.0010416666666666667
sidechain_neighbour_residues_5a,smd,cytosolic,317,3383,232,1667,5.018927444794953,5.6050842447531775,-0.31241889752107604,-0.4252261157935834,-0.19567212466673203,0.0005,2000,diagnostic,0.0010416666666666667
neighbour_net_charge_8a,smd,cytosolic,318,3407,233,1674,-0.025157232704402517,0.000293513354857646,-0.021818605088211113,-0.12046720333118431,0.08925964019238015,0.725,2000,diagnostic,0.7880434782608695
neighbour_hydrophobic_fraction_8a,smd,cytosolic,318,3407,233,1674,0.2831185534591195,0.2772912533020252,0.03541590237501888,-0.10255976829418086,0.16580664468444037,0.597,2000,diagnostic,0.7238636363636364
neighbour_aromatic_fraction_8a,smd,cytosolic,318,3407,233,1674,0.08487201257861635,0.08170123275609041,0.03317425166240514,-0.08087993913117031,0.15061273894334687,0.603,2000,diagnostic,0.7238636363636364
nearest_aromatic_sidechain_nd2,smd,cytosolic,314,3197,231,1615,8.428025477707006,7.769311854863935,0.2148503973833804,0.10039130400671582,0.3346915420902167,0.001,2000,diagnostic,0.0019230769230769232
uniprot_residues_after_asn,smd,cytosolic,318,0,233,0,299.8207547169811,,,,,,2000,diagnostic,
uniprot_residues_after_sequon,smd,cytosolic,318,0,233,0,297.8207547169811,,,,,,2000,diagnostic,
distance_to_n_terminus_resolved,smd,cytosolic,318,3407,233,1674,149.19811320754718,266.67185206926916,-0.3945099689250493,-0.47309055457685534,-0.31813598825466916,0.0005,2000,diagnostic,0.0010416666666666667
distance_to_c_terminus_resolved,smd,cytosolic,318,3407,233,1674,204.66352201257862,259.729967713531,-0.18755133570719967,-0.2986058881704706,-0.05000160850805358,0.012,2000,diagnostic,0.02142857142857143
n_ss_coarse==loop,mean_difference,cytosolic,317,3405,232,1673,0.6435331230283912,0.6237885462555066,0.019744576772884548,-0.03555266676542066,0.07223735277005894,0.473,2000,diagnostic,0.6569444444444444
n_ss_coarse==helix,mean_difference,cytosolic,317,3405,232,1673,0.11987381703470032,0.24787077826725404,-0.12799696123255372,-0.1666775664826048,-0.08662062047299901,0.0005,2000,diagnostic,0.0010416666666666667
n_ss_coarse==sheet,mean_difference,cytosolic,317,3405,232,1673,0.2334384858044164,0.1209985315712188,0.1124399542331976,0.06380782963303211,0.1618894371905437,0.0005,2000,diagnostic,0.0010416666666666667
plus1_ss_coarse==loop,mean_difference,cytosolic,317,3405,232,1673,0.5962145110410094,0.5944199706314244,0.0017945404095850437,-0.05571010039309755,0.06196155093213086,0.979,2000,diagnostic,0.9789999999999999
plus1_ss_coarse==helix,mean_difference,cytosolic,317,3405,232,1673,0.17981072555205047,0.27812041116005876,-0.09830968560800829,-0.14643439926999396,-0.05101436140681209,0.0005,2000,diagnostic,0.0010416666666666667
plus1_ss_coarse==sheet,mean_difference,cytosolic,317,3405,232,1673,0.22397476340694006,0.12041116005873716,0.1035636033482029,0.05932593081584825,0.15198158985023608,0.0005,2000,diagnostic,0.0010416666666666667
plus2_ss_coarse==loop,mean_difference,cytosolic,317,3405,232,1673,0.5425867507886435,0.5453744493392071,-0.0027876985505636,-0.06768323582119487,0.06155581324337446,0.949,2000,diagnostic,0.9789999999999999
plus2_ss_coarse==helix,mean_difference,cytosolic,317,3405,232,1673,0.17350157728706625,0.28928046989721,-0.11577889261014376,-0.16604519736987852,-0.0655947345543409,0.0005,2000,diagnostic,0.0010416666666666667
plus2_ss_coarse==sheet,mean_difference,cytosolic,317,3405,232,1673,0.277602523659306,0.15301027900146844,0.12459224465783755,0.07307425962280588,0.17953439267289528,0.0005,2000,diagnostic,0.0010416666666666667
aromatic_within_8a==True,mean_difference,cytosolic,318,3407,233,1674,0.5377358490566038,0.5224537716466099,0.015282077409993877,-0.041869559474344835,0.07357944911685696,0.621,2000,diagnostic,0.7238636363636364
