case_accession,case_position,subtype,case_score,control_mean_score,n_controls,control_proteins,ortholog_cluster,contrast,resample_unit
A0A075TRK9,93,NXS,-1.990632836201284,-0.899104081402194,1,O95198,16520at2759,-1.09152875479909,control:P60228
A0A0P0XII1,48,NXT,0.2852236555592963,-1.4140555417117244,1,O94855,4062651at2759,1.6992791972710206,control:Q9NS87
A0A0P0XII1,153,NXT,0.0793793897902707,-1.4628789815576306,1,Q9BVC4,4062651at2759,1.5422583713479012,control:Q9NS87
A0A1S4F0I0,225,NXS,-0.7815465487358073,2.584453055230149,1,P13929,76388at2759,-3.365999603965956,control:P20004
A8R7E6,52,NXS,-0.003588003427219,-1.5943208277566003,1,Q8NEB9,4062651at2759,1.5907328243293812,control:Q9NS87
A8R7E6,123,NXT,5.303541338343426,-0.4474682616966082,1,Q0WP12,4062651at2759,5.751009600040034,control:Q9NS87
D3ZHH1,109,NXT,-1.9045155138739127,-1.608824461031991,1,P24004,283575at2759,-0.29569105284192165,control:Q9NS87
F1NCD6,218,NXS,-2.1505811390563863,-1.825393119991637,1,Q5JS54,197206at2759,-0.32518801906474937,control:P47712
F1NCD6,227,NXT,-1.837733248595508,-0.2643357401850473,1,P47712,197206at2759,-1.5733975084104608,control:P47712
G0R6T8,80,NXT,1.2667623677516682,-1.7450118885849577,1,P22216,4849160at2759,3.0117742563366257,control:O14933
G0R6T8,158,NXT,2.686359357313685,-2.188107293225714,1,Q9HB90,4849160at2759,4.874466650539398,control:O14933
G0RV93,447,NXS,-0.9089646214766692,-1.6678253374422225,1,Q13613,3781271at2759,0.7588607159655533,control:Q13613
G2QG48,192,NXS,-1.19944407220731,-2.6773322513461464,1,P38276,415825at2759,1.4778881791388363,control:P56287
G2QG48,233,NXT,1.97717990935596,-0.436549856571108,1,O49923,415825at2759,2.413729765927068,control:P56287
G3XAP7,138,NXS,1.8830661318167743,-2.5893406084115056,1,P12530,4849160at2759,4.47240674022828,control:O14933
G4NAP4,62,NXT,-1.5751322926756062,-1.83630525521278,1,Q9QUN3,407298at2759,0.2611729625371739,control:Q9QUN3
H9JW43,171,NXS,-1.5366967639453957,-2.737678701971092,1,Q08509,504708at2759,1.2009819380256965,control:Q9WV60
J9VS02,266,NXS,-0.4301315576342384,-2.652058978334268,1,O74630,771136at2759,2.2219274207000295,control:Q9NS87
O00584,106,NXS,-0.1699410599540888,-0.654156709513334,1,Q9UUC6,435754at2759,0.48421564955924523,control:Q9UUC6
O14773,210,NXT,-1.6310928763545771,-2.431467596969904,1,P49802,2919105at2759,0.8003747206153271,control:P53218
O14773,222,NXS,0.1556986621796723,-2.1079146690205808,1,P53218,2919105at2759,2.263613331200253,control:P53218
O15342,70,NXT,-2.320893337086458,-2.413961408838226,1,Q10163,1508846at2759,0.09306807175176779,control:Q1K6I4
O15455,52,NXT,0.5626656743010389,-1.820085850686196,1,Q6CWD0,676979at2759,2.382751524987235,control:Q9NS87
O15455,124,NXT,0.9650099750510488,1.5318802818382835,1,O13437,676979at2759,-0.5668703067872347,control:Q9NS87
O15455,247,NXS,-0.4009676935150078,-1.8091723532153927,1,P01959,676979at2759,1.408204659700385,control:Q9NS87
O35657,180,NXS,2.272638509562502,-1.8112939519624347,1,P32893,2739686at2759,4.083932461524936,control:P32893
O43173,93,NXT,0.2965782877769775,0.1767949214945459,1,Q02890,10264956at2759,0.11978336628243158,control:Q04183
O43570,80,NXS,2.140629558884146,-0.272443444726576,1,Q07412,429145at2759,2.413073003610722,control:O02697
O43915,185,NXT,0.9462132311474992,-1.2141528228084195,1,P15436,198735at2759,2.1603660539559186,control:P15436
O70131,60,NXS,-1.3431934064979836,2.1132486192791213,1,O95749,6114058at2759,-3.456442025777105,control:O95749
O74213,258,NXT,0.1356488837049326,-1.642511778374323,1,Q6IMN6,1546079at2759,1.7781606620792556,control:Q9ESJ0
O88998,307,NXS,-0.526921871594427,-1.1864081794491717,1,P42230,8626508at2759,0.6594863078547446,control:O75140
O89017,169,NXT,-0.737291588995074,-0.150475747414687,1,P53779,192611at2759,-0.586815841580387,control:O15131
O95069,110,NXT,-0.5955214185721869,-0.8863430837981618,1,Q96PY6,297496at2759,0.29082166522597497,control:Q8WVM7
O95479,157,NXS,-3.027378802776848,-2.79047928353817,1,P46944,60984at2759,-0.23689951923867758,control:P0DMV8
O95479,282,NXS,-1.6850565060551008,0.6547861349937945,1,P0DMV8,60984at2759,-2.3398426410488953,control:P0DMV8
O95497,130,NXS,-0.1169363955195214,-1.853623509050988,1,O95544,10250282at2759,1.7366871135314668,control:O14011
O95497,283,NXS,-2.5880773925754776,-2.120395562696488,1,Q13042,10250282at2759,-0.46768182987898976,control:O14011
O95497,315,NXT,-0.5660307560392521,-2.9771206454473385,1,O14011,10250282at2759,2.4110898894080863,control:O14011
P00639,40,NXT,-0.7961935117745916,-0.0149379128709872,1,Q8VIK1,10061407at2759,-0.7812555989036044,control:Q8BJ63
P00709,64,NXS,-1.3010343149061,-1.89600814754816,1,Q13114,17373at2759,0.5949738326420599,control:Q13114
P00750,483,NXT,-0.418203626476421,-0.1121951941482823,1,Q13637,6020543at2759,-0.3060084323281387,control:Q13637
P00756,102,NXS,-0.5191684726781851,-0.9969639863245848,1,P02117,10061449at2759,0.4777955136463997,control:Q9NS87
P00759,189,NXT,-2.4053913873895767,0.0997012905352134,1,P22137,10061449at2759,-2.50509267792479,control:Q9NS87
P00797,141,NXT,-1.4480372093930685,4.168839938833221,1,P32377,771136at2759,-5.61687714822629,control:Q9NS87
P01009,70,NXT,-2.1525097194776928,-2.117442653944196,1,P12868,671595at2759,-0.03506706553349659,control:Q9NS87
P01011,186,NXT,4.060252674350068,-1.10539530032942,1,Q92900,671595at2759,5.165647974679488,control:Q9NS87
P01012,293,NXT,-2.54780601666376,-2.5463534455455337,1,P62193,671595at2759,-0.0014525711182264978,control:Q9NS87
P01031,741,NXS,-1.5359929621880344,0.2281368946175257,1,P51668,6359008at2759,-1.7641298568055601,control:P41250
P01033,53,NXT,-2.6647833721235523,-1.6144420810149456,1,P12868,6041373at2759,-1.0503412911086067,control:Q9NS87
P01033,101,NXS,-1.9629501816392103,-0.5631948127682507,1,Q9UDY2,6041373at2759,-1.3997553688709596,control:Q9NS87
P01374,96,NXS,-0.858492384490563,-1.5305138076314229,1,Q9VDE8,9940698at2759,0.6720214231408599,control:Q9VDE8
P01574,101,NXT,-0.931441126128194,-1.7466266014835634,1,P19784,8922121at2759,0.8151854753553694,control:P19784
P01731,69,NXS,-1.834587248461957,-2.566564334478457,1,P21670,1740265at2759,0.7319770860165,control:P47061
P02743,51,NXT,1.8597536632541825,-1.7418498061649252,1,Q03308,547680at2759,3.601603469419108,control:Q9NS87
P02745,146,NXS,1.4286598407117856,-2.276777391591825,1,Q9GZQ8,6343173at2759,3.7054372323036104,control:Q9GZQ8
P02766,118,NXS,1.8483928855834453,0.0482813135339479,1,P41541,10265230at2759,1.8001115720494973,control:Q09725
P02771,251,NXT,-2.619423039972888,-0.2092618767651417,1,P33110,9875082at2759,-2.4101611632077464,control:Q9NS87
P02789,492,NXT,-2.550000461682429,-1.4637911384878834,1,P53620,9981115at2759,-1.0862093231945456,control:Q9NS87
P03956,120,NXT,-0.5199287294154047,-3.0762201858684826,1,O00232,406838at2759,2.556291456453078,control:Q9NS87
P03956,143,NXT,0.941680274131628,-2.4880480941933305,1,P34731,406838at2759,3.4297283683249584,control:Q9NS87
P04746,476,NXT,2.698413915142486,0.96710878685067,1,P50524,1740265at2759,1.7313051282918162,control:P47061
P05090,65,NXS,0.0155948323327928,-1.9644538068002504,1,O55029,565904at2759,1.9800486391330432,control:Q62048
P05090,98,NXT,-0.5514942636776891,-0.694071922500725,1,Q62048,565904at2759,0.14257765882303597,control:Q62048
P05154,338,NXS,-2.2553601888453625,1.4159964413812187,1,P31408,671595at2759,-3.6713566302265814,control:Q9NS87
P05186,140,NXT,-3.0392640570261493,0.3827502417684223,1,P35235,5818554at2759,-3.4220142987945716,control:P35235
P05231,73,NXS,-2.069142955682604,2.122673878606756,1,P61077,8943569at2759,-4.1918168342893605,control:P60228
P05543,165,NXS,-0.5174658170064766,-1.9272446886718395,1,Q8N335,671595at2759,1.4097788716653628,control:Q9NS87
P05543,253,NXT,-0.0677474307539433,-1.3067668427217702,1,P31353,671595at2759,1.2390194119678268,control:Q9NS87
P05546,188,NXS,-2.0122955663536466,-0.8966584315045258,1,P19113,1063785at2759,-1.1156371348491207,control:Q01415
P05546,387,NXT,-0.7944881930783192,-1.7080562758443798,1,Q01415,1063785at2759,0.9135680827660606,control:Q01415
P06281,139,NXS,-1.3552130951140482,0.304660301835724,1,O70467,771136at2759,-1.6598733969497723,control:Q9NS87
P06857,157,NXS,-1.755247552632714,-1.127985084526033,1,P69892,199913at2759,-0.627262468106681,control:Q9NS87
P06858,70,NXS,-0.0905562779183944,-3.712705277570495,1,P52948,199913at2759,3.622148999652101,control:Q9NS87
P06858,386,NXT,1.27069183809221,-1.860675491948444,1,Q9USY3,199913at2759,3.1313673300406544,control:Q9NS87
P06870,165,NXS,-1.4340615519891493,-1.30973182233639,1,P62497,10061449at2759,-0.12432972965275924,control:Q9NS87
P07093,118,NXS,-1.0672996852739047,-1.7621042452957163,1,Q9HAV4,671595at2759,0.6948045600218116,control:Q9NS87
P07093,159,NXT,3.1006964252293225,-0.6888809631944189,1,Q96C86,671595at2759,3.7895773884237416,control:Q9NS87
P07267,144,NXT,-0.7006617271145754,-1.239729656438183,1,P20480,771136at2759,0.5390679293236076,control:Q9NS87
P07267,345,NXT,0.0143768926873113,3.705498089150014,1,Q1ENB6,771136at2759,-3.691121196462703,control:Q9NS87
P07309,118,NXS,1.4282640276812653,-2.528459213130623,1,Q09725,10265230at2759,3.9567232408118884,control:Q09725
P07339,134,NXT,-0.7081250746959418,-3.1092423485802643,1,P51692,771136at2759,2.4011172738843225,control:Q9NS87
P07339,263,NXT,-0.8051999938813523,-2.2999977010834205,1,Q96RQ3,771136at2759,1.4947977072020682,control:Q9NS87
P07359,37,NXT,-2.1409165997901884,-2.656909009873307,1,Q9FG13,676979at2759,0.5159924100831184,control:Q9NS87
P07949,763,NXS,-0.2154538145891315,1.23505488459607,1,Q9BV86,4062651at2759,-1.4505086991852014,control:Q9NS87
P07949,975,NXS,2.717713379959392,-0.3387055172221617,1,Q9NQG7,4062651at2759,3.056418897181554,control:Q9NS87
P07998,62,NXT,-0.0434377889401229,-2.3541072078370058,1,O13154,8573660at2759,2.310669418896883,control:Q9SYT0
P07998,104,NXS,-2.055464405100386,1.852297908906573,1,Q7Z406,8573660at2759,-3.907762314006959,control:Q9SYT0
P07998,116,NXS,1.887901439058817,0.8476326088037447,1,P34914,8573660at2759,1.0402688302550722,control:Q9SYT0
P08171,42,NXS,-0.1839133888796312,-0.4376427326721169,1,P42345,16520at2759,0.2537293437924857,control:P60228
P08311,71,NXT,-2.1496067244904107,-1.3837336909966724,1,Q3ZCK9,771136at2759,-0.7658730334937383,control:Q9NS87
P08424,139,NXT,-0.7243862168893762,-2.3259987586958824,1,P42939,771136at2759,1.6016125418065061,control:Q9NS87
P08571,151,NXS,-1.104360232778647,1.0704787407434615,1,P46598,676979at2759,-2.1748389735221085,control:Q9NS87
P08571,282,NXS,-0.1526680368571503,2.837020244528204,1,P25054,676979at2759,-2.9896882813853543,control:Q9NS87
P08571,323,NXT,-2.7608386124558337,-1.2571628563562167,1,Q6PJ69,676979at2759,-1.503675756099617,control:Q9NS87
P08582,38,NXS,-3.0430350709863183,-1.839683779321212,1,Q03479,9981115at2759,-1.2033512916651063,control:Q9NS87
P09889,124,NXS,-0.0260298202461091,-2.8070021520537685,1,P0CX43,411211at2759,2.7809723318076593,control:P41391
P0C0L5,862,NXT,-1.296622799267098,-0.5015518410962123,1,P41250,6359008at2759,-0.7950709581708857,control:P41250
P0DUB6,427,NXS,-0.7013471522155523,-2.1108270853467466,1,P47061,1740265at2759,1.4094799331311942,control:P47061
P10041,137,NXS,-1.94222558729627,-0.2598054781212431,1,O00182,283575at2759,-1.6824201091750268,control:Q9NS87
P10041,167,NXS,-2.657413884744358,-2.517739378920893,1,Q16222,283575at2759,-0.13967450582346475,control:Q9NS87
P10643,754,NXT,-2.0580559936851337,-1.3885950047032851,1,Q9WV60,504708at2759,-0.6694609889818486,control:Q9WV60
P10646,145,NXT,-1.742770510785479,-0.3910934590738901,1,Q07021,5950222at2759,-1.3516770517115888,control:Q07021
P10810,147,NXS,0.3687922365096805,1.830057630054048,1,P40925,676979at2759,-1.4612653935443676,control:Q9NS87
P10810,180,NXS,-2.747896620229348,-1.4433053474782471,1,Q5S007,676979at2759,-1.304591272751101,control:Q9NS87
P10810,317,NXS,-2.122938053038037,2.7019996771317403,1,O94855,676979at2759,-4.824937730169777,control:Q9NS87
P11151,73,NXS,-0.5792148916668682,0.5728505106114229,1,P55263,199913at2759,-1.152065402278291,control:Q9NS87
P12273,105,NXT,-1.6338362686979493,-2.134059125796885,1,P63165,9835042at2759,0.5002228570989358,control:P63165
P12337,79,NXT,-1.5217763021383872,-1.4278310027159178,1,P55735,16520at2759,-0.09394529942246943,control:P60228
P13224,66,NXT,-1.8131752024224388,-2.318217846256577,1,Q96Q15,676979at2759,0.5050426438341382,control:Q9NS87
P13686,116,NXS,0.4693332535085706,1.1914917705220227,1,P41391,411211at2759,-0.7221585170134521,control:P41391
P13721,146,NXS,-1.7613848701948458,0.7848134137120565,1,P34607,10264956at2759,-2.5461982839069024,control:Q04183
P13866,248,NXT,-1.8740611750440817,-2.3447136598506093,1,P0CX82,6132759at2759,0.47065248480652766,control:P0CX82
P14210,653,NXS,-2.0168351807661216,2.3203541383023016,1,Q15691,41905at2759,-4.337189319068424,control:P20004
P14384,38,NXS,-1.7828347289661095,-2.4377806872972334,1,Q8NB14,10249045at2759,0.6549459583311239,control:Q01574
P14384,164,NXS,-1.4655312558384108,-1.4675089608286136,1,Q01574,10249045at2759,0.0019777049902027777,control:Q01574
P14672,57,NXT,-3.240219597195488,-2.576502439876279,1,Q9UL63,4540492at2759,-0.6637171573192089,control:Q9UL63
P15907,149,NXS,-0.8767116718020703,-1.1088145472835995,1,Q04183,10264956at2759,0.2321028754815292,control:Q04183
P18168,246,NXT,-2.105587084101669,-3.870457221971466,1,Q07508,283575at2759,1.764870137869797,control:Q9NS87
P18892,55,NXS,-0.4575935167356262,-2.0013830306302367,1,O22769,6105938at2759,1.5437895138946105,control:P08151
P18892,215,NXS,-0.0930865924339587,-0.6638040705256681,1,P08151,6105938at2759,0.5707174780917095,control:P08151
P23141,79,NXT,-0.308817198502284,-1.292808421764779,1,O00571,16520at2759,0.983991223262495,control:P60228
P23280,67,NXT,-0.7878207255747138,-0.2135724438210127,1,Q9VAW5,429145at2759,-0.5742482817537011,control:O02697
P23280,256,NXT,-1.3227874079328548,-2.300081265182137,1,Q9BZL6,429145at2759,0.9772938572492824,control:O02697
P23776,165,NXS,-2.411473914228906,-1.5911386824390967,1,P15398,62120at2759,-0.8203352317898092,control:P15398
P23780,248,NXT,-2.04916495734955,-2.313376822529774,1,Q02061,1657402at2759,0.2642118651802239,control:Q5T4S7
P23780,500,NXT,-2.1481274752086232,-1.206298788207553,1,P25694,1657402at2759,-0.9418286870010701,control:Q5T4S7
P23946,80,NXT,-0.8333117841333283,8.52513940427016,1,P00352,771136at2759,-9.358451188403489,control:Q9NS87
P23946,103,NXS,-0.4338344089263162,0.4128002087361313,1,O76074,771136at2759,-0.8466346176624475,control:Q9NS87
P24855,40,NXT,0.1529458684749024,-0.8735738416923646,1,Q8BJ63,10061407at2759,1.026519710167267,control:Q8BJ63
P25974,351,NXT,-1.0999470527754418,-0.2635641564818844,1,Q99613,1425232at2759,-0.8363828962935573,control:Q99613
P26213,246,NXT,-0.1898268295791206,-0.3951903669284852,1,P62191,1546079at2759,0.2053635373493646,control:Q9ESJ0
P26214,240,NXT,-0.3336814306509926,-2.516703154100397,1,Q9ESJ0,1546079at2759,2.1830217234494045,control:Q9ESJ0
P26927,615,NXT,-0.9044274500798014,0.0781109375065788,1,P38817,41905at2759,-0.9825383875863802,control:P20004
P27169,227,NXS,4.293327407526203,-2.45889256118198,1,Q3E757,423498at2759,6.752219968708182,control:P53350
P27169,253,NXT,-0.1743381156913959,-0.9013805513493568,1,P53350,423498at2759,0.7270424356579609,control:P53350
P27487,219,NXT,-1.6096995993376693,-1.4881514106537292,1,Q9HE06,16520at2759,-0.12154818868394002,control:P60228
P27809,197,NXT,-2.520677978393075,-1.7165631810745798,1,Q9JK48,439943at2759,-0.8041147973184952,control:Q9JK48
P28026,263,NXS,-0.6857017246542562,-0.5831735649755843,1,P30575,5945655at2759,-0.1025281596786719,control:Q9NS87
P28845,162,NXS,0.0296769457726794,0.0380314565573931,1,O70435,1933717at2759,-0.008354510784713703,control:P59047
P29320,620,NXS,0.75967701060833,-0.3673204573902539,1,P33242,4062651at2759,1.126997467998584,control:Q9NS87
P29320,704,NXS,0.2960764294621614,1.274254189386416,1,P42676,4062651at2759,-0.9781777599242547,control:Q9NS87
P29622,157,NXT,1.2969155380655155,-1.9189114522184263,1,P24723,671595at2759,3.215826990283942,control:Q9NS87
P29622,238,NXT,-0.5866739952500934,-2.632207859235393,1,Q9HD15,671595at2759,2.045533863985299,control:Q9NS87
P30203,49,NXS,-1.6042633218542544,-2.1562829432326955,1,P35573,536948at2759,0.5520196213784412,control:P35573
P30530,43,NXT,0.2932941561853123,-1.4898275764377733,1,Q9Y3I0,4062651at2759,1.7831217326230857,control:Q9NS87
P30922,60,NXS,-1.4519267699676637,7.577333956173733,1,Q9UGI0,76388at2759,-9.029260726141397,control:P20004
P31371,79,NXT,-0.6315354561314461,-0.7352851735638506,1,Q9UM13,6158176at2759,0.10374971743240446,control:Q9UM13
P32766,39,NXS,-2.9755059155600327,-0.348021779791594,1,P83133,1908104at2759,-2.6274841357684386,control:O14641
P32906,224,NXT,-0.2056452004800695,-1.0034558190968683,1,Q63450,8118055at2759,0.7978106186167988,control:O22287
P35052,116,NXS,-2.4473834878415324,0.1176809575843684,1,Q7Z7E8,10010764at2759,-2.5650644454259006,control:Q7Z7E8
P35495,71,NXT,-0.8684431805854942,0.544229590459215,1,Q84VW9,9517200at2759,-1.4126727710447091,control:Q84VW9
P36222,60,NXS,-0.8867889513714353,0.6178090742357458,1,P45352,76388at2759,-1.5045980256071811,control:P20004
P41222,51,NXS,1.0563803094720134,-0.503307082538624,1,Q9UQ13,9048943at2759,1.5596873920106376,control:P68265
P41222,78,NXT,2.1264253238337845,0.059385390950685,1,P68265,9048943at2759,2.0670399328830995,control:P68265
P42658,813,NXS,-1.417821984106868,-0.7247666963056265,1,O08967,16520at2759,-0.6930552878012415,control:P60228
P43652,33,NXT,-0.6507899110687798,-2.3048908194876643,1,Q8K3W0,9875082at2759,1.6541009084188845,control:Q9NS87
P43652,109,NXS,-0.8964901884257055,-2.79028585138674,1,E9Q555,9875082at2759,1.8937956629610346,control:Q9NS87
P43652,402,NXT,-1.605323931802798,-2.1126374939688484,1,Q6PAL8,9875082at2759,0.5073135621660503,control:Q9NS87
P43652,488,NXT,-2.556645369553218,0.711760530208718,1,Q96RU8,9875082at2759,-3.2684058997619356,control:Q9NS87
P45452,117,NXT,-1.8716455257550813,-0.1699471909229229,1,P27707,406838at2759,-1.7016983348321584,control:Q9NS87
P45700,515,NXT,5.048718560077778,1.8156945874118249,1,O22287,8118055at2759,3.2330239726659533,control:O22287
P50172,162,NXS,-0.2331845311458517,-2.645494903006855,1,P59047,1933717at2759,2.412310371861003,control:P59047
P54317,353,NXT,0.4878857564909349,-1.884560892228632,1,B4FUP5,199913at2759,2.372446648719567,control:Q9NS87
P54318,352,NXT,-1.3158008995256842,-2.3645737640151347,1,P34731,199913at2759,1.0487728644894505,control:Q9NS87
P54760,768,NXS,-2.6878849988606373,-2.1927767928213706,1,O15020,4062651at2759,-0.49510820603926664,control:Q9NS87
P54762,480,NXS,-1.742411715916337,-1.7745238488888446,1,P37382,4062651at2759,0.03211213297250759,control:Q9NS87
P54855,316,NXS,0.4104621978999203,-1.927429420282485,1,Q8NJU8,5835829at2759,2.337891618182405,control:Q8NJU8
P56703,90,NXT,-0.6634528807911805,-2.2670089176212533,1,Q9V6K1,5945655at2759,1.603556036830073,control:Q9NS87
P56704,298,NXS,-2.550291335762953,-2.476672691228193,1,E9Q555,5945655at2759,-0.07361864453475997,control:Q9NS87
P56817,153,NXT,-0.7006007141122322,-1.6509262137218088,1,Q3T108,2747330at2759,0.9503254996095766,control:P63010
P56817,172,NXS,-1.0676574448513274,-0.9167929403139397,1,Q38950,2747330at2759,-0.15086450453738776,control:P63010
P58738,34,NXT,-1.7748820905710467,-1.4281592064735866,1,Q99K70,5823761at2759,-0.3467228840974601,control:Q99K70
P61009,141,NXT,-1.5149002750257212,-2.5344326357644147,1,Q9SYT0,10261524at2759,1.0195323607386935,control:Q9SYT0
P61823,60,NXT,-0.4047857294131838,-1.854350372565769,1,Q9SYT0,8573660at2759,1.4495646431525853,control:Q9SYT0
Q00973,179,NXT,-2.9741813865194526,-1.9356336199476605,1,Q9BQA1,2139606at2759,-1.0385477665717922,control:Q9BQA1
Q11174,310,NXS,-0.6704860602345478,-1.5008320381180735,1,Q14185,76388at2759,0.8303459778835257,control:P20004
Q12866,442,NXS,-1.254118936802415,0.3961393852336801,1,P32377,4062651at2759,-1.6502583220360951,control:Q9NS87
Q12884,49,NXT,-0.7029798123590589,-0.6359244150134862,1,O88844,16520at2759,-0.06705539734557275,control:P60228
Q13253,62,NXT,-1.4419107257276271,-1.050029298585625,1,Q9ULG1,5950649at2759,-0.39188142714200214,control:Q9ULG1
Q14393,420,NXT,0.3750056871899372,-0.2046046964879348,1,P53152,4062651at2759,0.579610383677872,control:Q9NS87
Q15828,137,NXS,-1.872755809173022,-0.7347575047596319,1,O14641,1908104at2759,-1.1379983044133901,control:O14641
Q16769,49,NXS,-0.7132033573007391,-2.166142999202507,1,E9Q555,3907302at2759,1.452939641901768,control:Q9NS87
Q16819,140,NXS,-0.0477926207667942,2.907906189696676,1,P04789,291007at2759,-2.95569881046347,control:Q9NS87
Q16819,222,NXS,-0.8168311074099452,-1.778573068309322,1,Q04430,291007at2759,0.9617419608993767,control:Q9NS87
Q16819,539,NXT,-1.064112489816835,-1.672356444337224,1,P07171,291007at2759,0.608243954520389,control:Q9NS87
Q16820,218,NXT,-0.6041114044466201,-2.593813651630384,1,O70274,291007at2759,1.9897022471837635,control:Q9NS87
Q16820,254,NXS,0.0800601792847743,-1.5061653667021968,1,P62333,291007at2759,1.5862255459869712,control:Q9NS87
Q16820,445,NXT,-2.7600542203948724,-0.1847962968306385,1,P22137,291007at2759,-2.5752579235642337,control:Q9NS87
Q29411,60,NXS,-1.062680162430965,0.959559030570736,1,Q27793,76388at2759,-2.0222391930017007,control:P20004
Q2UCU3,373,NXT,-2.969234381288314,-2.5553332370876447,1,Q5T4S7,1657402at2759,-0.41390114420066926,control:Q5T4S7
Q42369,130,NXT,-0.9932570375993036,-4.156821981144516,1,Q14232,1258937at2759,3.1635649435452122,control:Q14232
Q4PRD2,82,NXT,-2.0008808358137937,-1.4477632449792432,1,P19388,gene_name_a60f47ae,-0.5531175908345505,control:P19388
Q4WP32,159,NXT,2.526685997480828,-1.6921542889103,1,Q10429,4849160at2759,4.218840286391128,control:O14933
Q5EB76,70,NXT,-1.938421381431816,1.431410397329271,1,P50586,1508846at2759,-3.369831778761087,control:Q1K6I4
Q62192,53,NXT,0.0027003119844977,-0.997695426502743,1,P36507,676979at2759,1.0003957384872406,control:Q9NS87
Q62192,78,NXT,1.6181764126762432,3.1640250314973266,1,P55263,676979at2759,-1.5458486188210834,control:Q9NS87
Q62192,402,NXS,0.892175646611995,1.8068219964209165,1,P13797,676979at2759,-0.9146463498089215,control:Q9NS87
Q62765,343,NXS,-1.352000644913221,-1.3074466208405342,1,Q8C5G2,16520at2759,-0.044554024072686715,control:P60228
Q62765,547,NXS,1.5835895379316804,0.5647194146296984,1,P61077,16520at2759,1.0188701233019821,control:P60228
Q69ZK9,98,NXT,-2.2238537438489665,-2.412645307052391,1,P42345,16520at2759,0.1887915632034245,control:P60228
Q6NSJ0,240,NXS,-2.530887666700033,-0.6558346871725814,1,Q8WVN8,10070917at2759,-1.8750529795274513,control:Q8WVN8
Q7YS85,60,NXS,-1.283907566321469,-1.5482893947753105,1,Q99832,76388at2759,0.2643818284538415,control:P20004
Q7Z9M7,25,NXT,1.0901397320916102,-2.607032259317512,1,Q9QZE5,4849160at2759,3.6971719914091223,control:O14933
Q80XU8,25,NXS,-2.6294483463099283,-1.750118007368711,1,P34731,676979at2759,-0.8793303389412173,control:Q9NS87
Q80XU8,70,NXT,-1.953353763607104,-0.9687077787208872,1,Q06705,676979at2759,-0.9846459848862169,control:Q9NS87
Q80ZD8,72,NXS,-0.8900449534104429,-3.223350148487929,1,P46662,676979at2759,2.333305195077486,control:Q9NS87
Q80ZD8,315,NXS,-1.747813679014203,-1.242693895286613,1,Q93WL3,676979at2759,-0.50511978372759,control:Q9NS87
Q8BGT1,226,NXT,-0.9999854566403936,3.6888658823529097,1,O60784,676979at2759,-4.688851338993303,control:Q9NS87
Q8BGT1,282,NXS,-0.977334963417932,-1.9399409256811,1,Q8TGA0,676979at2759,0.962605962263168,control:Q9NS87
Q8BK48,276,NXS,1.8236727646948248,0.869312260138616,1,Q13144,16520at2759,0.9543605045562088,control:P60228
Q8IAS0,334,NXT,0.0350830644159197,0.4935044126427201,1,P26038,771136at2759,-0.4584213482268004,control:Q9NS87
Q8IW75,233,NXS,-1.3692556852115998,-0.6282650781346735,1,P51580,671595at2759,-0.7409906070769263,control:Q9NS87
Q8IW75,267,NXT,-0.5116913215412731,-2.5813153177573835,1,O74630,671595at2759,2.0696239962161105,control:Q9NS87
Q8N0W4,102,NXT,-1.7884574421635422,-1.242157291069968,1,Q9NR31,16520at2759,-0.5463001510935741,control:P60228
Q8N608,111,NXT,-1.7570384267649193,-0.7236812727920143,1,Q3T0T1,16520at2759,-1.033357153972905,control:P60228
Q8NBL1,204,NXT,1.5186506489382745,-2.1479388393991123,1,Q9H765,202415at2759,3.6665894883373866,control:Q9H765
Q8SPQ0,60,NXS,-1.804271771553136,5.348786699279255,1,Q15691,76388at2759,-7.153058470832391,control:P20004
Q91WP6,104,NXT,-0.5924980455294016,2.3560871982295457,1,J9VJP1,671595at2759,-2.9485852437589473,control:Q9NS87
Q91WP6,269,NXS,0.8915255602623493,-1.862465515933375,1,Q96HR8,671595at2759,2.7539910761957245,control:Q9NS87
Q91XE7,70,NXT,-2.757307604682705,-2.1050880521726354,1,Q1K6I4,1508846at2759,-0.6522195525100698,control:Q1K6I4
Q96IY4,44,NXT,-0.6349932868377761,-0.5737490407507722,1,Q8HZM5,3626597at2759,-0.06124424608700396,control:Q9Y6M1
Q96IY4,241,NXS,0.654321282720969,4.457065770271926,1,P23526,3626597at2759,-3.8027444875509575,control:Q9Y6M1
Q96KN2,382,NXS,-1.4101445125359366,-1.199285430970106,1,P61982,7832001at2759,-0.21085908156583066,control:P61982
Q96PS8,133,NXT,-0.3559982455929819,1.2770387171077149,1,Q15717,3222at2759,-1.6330369627006966,control:Q15717
Q96RD7,255,NXS,-0.7406115547962935,-1.2585767343618015,1,O43318,5867527at2759,0.517965179565508,control:Q9NS87
Q99036,184,NXT,1.0315289814317137,0.8513081202738496,1,Q91WR5,406631at2759,0.18022086115786407,control:Q91WR5
Q99467,201,NXS,1.2389648945741123,-0.0967162417642817,1,P63104,676979at2759,1.335681136338394,control:Q9NS87
Q99467,394,NXS,-0.9730019806403436,2.116788937508052,1,P80547,676979at2759,-3.089790918148396,control:Q9NS87
Q99538,167,NXT,1.469300648676545,-2.046229603271833,1,Q9USL5,192611at2759,3.5155302519483778,control:O15131
Q99538,272,NXT,-0.9317032607477618,2.299551092339642,1,O15131,192611at2759,-3.2312543530874036,control:O15131
Q99784,307,NXS,0.8202488790453899,-1.5786643562757716,1,O75140,8626508at2759,2.3989132353211615,control:O75140
Q99895,52,NXT,-0.974161568712726,-1.949030752136533,1,Q03479,10061449at2759,0.9748691834238071,control:Q9NS87
Q99MB1,53,NXT,-0.7185055836245052,1.1825751898242742,1,O02611,676979at2759,-1.9010807734487796,control:Q9NS87
Q99MB1,253,NXS,-2.258179815395964,-2.50950925238892,1,O00182,676979at2759,0.2513294369929562,control:Q9NS87
Q99MB1,425,NXT,0.0327009149304259,-2.8817756608081666,1,O75821,676979at2759,2.9144765757385924,control:Q9NS87
Q99MB1,668,NXS,-0.8327961655043287,-2.040356579263386,1,Q70J99,676979at2759,1.2075604137590576,control:Q9NS87
Q9BYE2,405,NXT,-1.396031391571001,-2.9750875562545147,1,P59047,10012881at2759,1.5790561646835137,control:P59047
Q9C1S9,167,NXT,-4.268343114654936,-2.0385788795679893,1,P09960,64893at2759,-2.2297642350869467,control:P09960
Q9CYK2,50,NXS,-1.37553353506255,-2.246543632738622,1,Q93034,3907302at2759,0.871010097676072,control:Q9NS87
Q9FII5,111,NXS,0.4855344502952025,-2.608469544294961,1,Q28943,676979at2759,3.0940039945901634,control:Q9NS87
Q9FII5,322,NXT,-1.5015876433179285,1.857738357805346,1,O15160,676979at2759,-3.359326001123274,control:Q9NS87
Q9FII5,471,NXS,0.7392332563309038,1.6581736238116067,1,Q9ZVQ3,676979at2759,-0.918940367480703,control:Q9NS87
Q9FII5,542,NXS,0.0767481625767195,-1.5026822872446934,1,Q91754,676979at2759,1.579430449821413,control:Q9NS87
Q9GK11,158,NXT,3.365760170786867,-0.5729540833223061,1,P26043,771136at2759,3.9387142541091733,control:Q9NS87
Q9GNK5,389,NXS,-2.8017789879745587,-0.5950732337186019,1,Q12038,10001926at2759,-2.2067057542559567,control:Q12038
Q9H1J5,103,NXS,-2.904460029282566,-0.8056995112282066,1,Q96RQ3,5945655at2759,-2.0987605180543594,control:Q9NS87
Q9HB14,59,NXS,-4.659509030252401,-2.936929127689387,1,Q8WVM7,297496at2759,-1.7225799025630142,control:Q8WVM7
Q9JIP4,254,NXS,-0.8337994805541891,-2.4902452730549296,1,O74630,5867527at2759,1.6564457925007405,control:Q9NS87
Q9NWM8,176,NXS,-2.24463108876031,-2.39124914475471,1,Q08493,1902587at2759,0.14661805599440036,control:Q08493
Q9NZC2,79,NXS,-1.6329009931480698,-1.0847270365906594,1,Q92902,9805957at2759,-0.5481739565574104,control:Q92902
Q9NZU0,226,NXT,-0.0264916727974309,-1.2735799234262364,1,Q8CI51,676979at2759,1.2470882506288055,control:Q9NS87
Q9SKB2,154,NXS,-0.1923232517399101,0.0839605540515215,1,P12689,4062651at2759,-0.27628380579143164,control:Q9NS87
Q9T0N8,63,NXT,-1.047729046937877,-1.0179835526496088,1,P56287,415825at2759,-0.029745494288268226,control:P56287
Q9UI42,260,NXS,-1.607536734909502,0.5773826197814675,1,Q9Y6M1,3626597at2759,-2.1849193546909698,control:Q9Y6M1
Q9UK55,180,NXS,-1.0424014069960414,-2.328157643344756,1,Q14999,10063692at2759,1.2857562363487147,control:Q14999
Q9V3D4,220,NXT,-1.9346784747580863,-3.707552720417408,1,P20004,76388at2759,1.7728742456593218,control:P20004
Q9VB68,270,NXS,-0.1159512454791735,-0.6304992249120247,1,Q9Y285,547031at2759,0.5145479794328512,control:Q9Y285
Q9VRQ9,42,NXT,1.2870682713978907,-0.7050741388899479,1,P45983,3907302at2759,1.9921424102878387,control:Q9NS87
Q9WVT6,213,NXS,1.6616886244005593,-2.265618212082009,1,O02697,429145at2759,3.9273068364825683,control:O02697
Q9XIC7,153,NXS,-1.547819937652223,-1.4695216492936265,1,P05708,4062651at2759,-0.07829828835859654,control:Q9NS87
Q9Y227,404,NXT,1.89436184426834,-1.951162049456664,1,P18206,6372431at2759,3.8455238937250042,control:Q86Y01
Q9Y227,407,NXT,-1.6512246345165096,1.6462430236930496,1,Q86Y01,6372431at2759,-3.297467658209559,control:Q86Y01
Q9Y337,69,NXS,0.4763354875126663,-2.070609398100019,1,Q9R1M5,10061449at2759,2.5469448856126853,control:Q9NS87
Q9Y337,173,NXS,-2.423569060945012,-1.1724955293807358,1,P37382,10061449at2759,-1.251073531564276,control:Q9NS87
Q9Y337,252,NXS,-1.2384808506213418,-2.7853564634993937,1,O04147,10061449at2759,1.5468756128780519,control:Q9NS87
Q9Y4K0,644,NXT,-1.856711389283168,-0.1856539459954652,1,P60904,547291at2759,-1.6710574432877028,control:P60904
Q9Y5Z0,170,NXS,-0.9320760170887056,-0.6954897328789155,1,P63010,2747330at2759,-0.2365862842097901,control:P63010
Q9Z218,112,NXS,-2.097048938837452,-2.623982031696579,1,P60228,16520at2759,0.5269330928591272,control:P60228
Q9ZVR7,301,NXS,-1.465000053408443,-2.14806399074057,1,O88879,676979at2759,0.683063937332127,control:Q9NS87
Q9ZVR7,391,NXT,-1.0473544500756584,-2.0667717861077,1,Q03308,676979at2759,1.0194173360320415,control:Q9NS87
Q9ZVR7,472,NXS,-1.897929632484984,1.155665884502628,1,Q9NS87,676979at2759,-3.053595516987612,control:Q9NS87
W4KMP1,152,NXS,2.716832362452964,-0.893196062006283,1,O14933,4849160at2759,3.6100284244592467,control:O14933
