accession,position,score_4,score_8,score_16
Q69ZK9,98,0.3170379340768105,0.3100871038049403,0.3129829314258219
A0AVT1,143,-1.8150686398091074,-1.8153532210327055,-1.8171987047670797
Q8IX03,684,-1.3488005745612437,-1.354952424187084,-1.3516961876831708
P34731,1605,-1.718380230002281,-1.7155507039563804,-1.7193003828338278
Q65YR7,50,-1.3364117612291313,-1.3395195415349543,-1.3266152842589716
Q80Y84,198,-2.934336925164992,-2.9199453187972924,-2.9230270348090857
Q9UL63,188,-0.8370759591377785,-0.8410408159972389,-0.8339223343737578
P75797,356,-3.0677280885533436,-3.0939274092057927,-3.0939065742764966
O31526,69,-0.4027213717506512,-0.39240959771426276,-0.3931640141991214
P11672,81,-3.450120133932079,-3.463225822252876,-3.4455159675084577
P58099,929,-3.2036230573147546,-3.2399754647640435,-3.265726971665817
Q9Z4P4,271,-0.629761661883009,-0.6184423289438261,-0.617983633993604
P35573,1032,-1.4448049142136234,-1.4693363463964952,-1.4702350403161863
P28482,27,-1.2709773179900883,-1.2643263446241,-1.2527283040609867
Q9UQ13,318,-2.3789897940018667,-2.3918226119642028,-2.399524626217806
Q6FNA9,12,-2.127471559663597,-2.1161661926438233,-2.097479007764397
P78371,473,-1.7200584216766759,-1.7112112200578453,-1.7060479298919555
Q12769,158,-1.8702222518027922,-1.8800269110798258,-1.8742466716452215
Q8N1F7,381,5.476665806973289,5.478134132234159,5.4782142287361895
Q06705,156,-3.086359280118586,-3.11748973141796,-3.127726161739526
O75436,181,-0.5905380602842563,-0.577557903246556,-0.5737403124648105
P18013,249,-1.5681234329705684,-1.5475658958458922,-1.5344246714366097
O04147,109,-2.545110272506596,-2.5411521638638197,-2.539770826372404
Q9L5A4,255,-2.241562805512789,-2.237057912720725,-2.246942979719062
P04746,476,-5.182681869531761,-5.183851552470614,-5.184137663554177
P68265,52,-2.861214039940734,-2.8537978881974158,-2.8413117185154126
Q8VSL2,713,-1.6389443733109794,-1.626582768498731,-1.6365204581605077
Q8BGT1,226,-2.363353719393405,-2.3657856274448577,-2.37846232491653
P63010,911,-1.7179219082647732,-1.7196709830558947,-1.7132559914088827
P75797,492,-1.2846011410510152,-1.2698655439718693,-1.3181317482895023
Q6IMN6,1042,-1.3395198394280992,-1.3298055387142793,-1.3477179093911256
Q6CWD0,178,-1.4530312164008063,-1.4534518494262398,-1.4513572979482616
Q8IYT8,229,-4.721128099359004,-4.716583732094301,-4.731126955084716
Q14999,937,5.665183788885193,5.6833639119322665,5.681052125064953
P9WNI5,39,-2.3699908658770275,-2.3773290116069656,-2.383733322157492
P41220,183,-3.290444631100484,-3.2963548476596336,-3.270499263451546
Q96NW4,738,13.802317976102996,13.802317976102996,13.802317976102996
O95069,110,-2.112236677240366,-2.1157006234667213,-2.1022921153195284
O02611,204,-1.9871305981723983,-1.9448478970904053,-1.9982391953389
Q01415,126,-2.7784003986377397,-2.7871750950343532,-2.773298328171062
P30203,229,-3.2251954354629877,-3.212594874425625,-3.2095926327396924
Q62192,201,-1.0423451241179869,-1.0342540259272552,-1.037635843535551
P09616,100,-2.4886458068689574,-2.4767982334357628,-2.4777745840949934
P31133,263,-2.6848970617889254,-2.7278491013803166,-2.780527663181898
P02766,118,-3.7991725137666448,-3.7627675097797324,-3.7569044084206356
P9WP65,49,-4.590321698292386,-4.594121138079858,-4.579025714601683
Q16659,208,-1.0396403658691853,-1.0552726665260583,-1.0551108327165437
Q91V12,302,-3.3827714947524963,-3.376476950456742,-3.3438686009676086
Q0TV31,105,-2.3594442926928254,-2.3453673423046406,-2.330093004200367
P0A232,77,-3.9796624695730873,-3.9361011746279067,-3.937384799902363
